x,sin_y,cos_a,cos_b
,,0.1,0.8138784567
,,0.2,0.3247962844
,,0.3,-0.2851890592
,,0.4,-0.7890147472
,,0.5,-0.9991351503
,,0.6,-0.837334401
,,0.7,-0.3638417097
,,0.8,0.2450885427
,,0.9,0.7627862794
,,0.99,0.9894791134