angle,sin,cos
0,0,1
30,0.5,0.8660254038
45,0.7071067812,0.7071067812
60,0.8660254038,0.5
90,1,0