radius,x,y
16,192.617664,231.6746045
9,198.8610799,181.8286556
8,197.9530949,244.9259212
13,200.4235858,206.2166707
24,195.6259101,154.1804721
11,203.0359479,275.7051057
12,204.865774,170.1822546
7,198.9859634,242.8135391
20,205.3896355,224.3265336
0.41,188.2945151,114.623998
8.7,189.8080032,268.8025187
3.09,205.6748061,192.4691864
19.3,191.5872442,252.4474854
6.92,201.6646076,298.8246994